X, Y, Z
8135.04,5948.19,3376.93
8135.32,5947.99,3376.6
8136.14,5947.41,3375.63
8137.48,5946.46,3374.04
8139.3,5945.16,3371.86
8141.58,5943.52,3369.13
8144.31,5941.58,3365.87
8147.44,5939.33,3362.12
8150.95,5936.81,3357.89
8154.83,5934.03,3353.22
8159.03,5931,3348.14
8163.54,5927.75,3342.67
8168.33,5924.29,3336.85
8173.37,5920.64,3330.7
8178.63,5916.82,3324.26
8184.1,5912.84,3317.55
8189.74,5908.73,3310.6
8195.53,5904.5,3303.44
8201.44,5900.17,3296.1
8207.44,5895.76,3288.6
8213.51,5891.28,3280.98
8219.63,5886.75,3273.27
8225.76,5882.2,3265.48
8231.88,5877.63,3257.67
8237.96,5873.07,3249.84
8243.99,5868.53,3242.03
8249.92,5864.03,3234.27
8255.74,5859.6,3226.59
8261.43,5855.23,3219.01
8266.99,5850.93,3211.51
8272.43,5846.69,3204.11
8277.74,5842.51,3196.79
8282.92,5838.4,3189.56
8287.98,5834.34,3182.41
8292.92,5830.34,3175.34
8297.74,5826.39,3168.35
8302.44,5822.49,3161.43
8307.03,5818.64,3154.59
8311.5,5814.84,3147.82
8315.85,5811.08,3141.12
8320.09,5807.36,3134.48
8324.22,5803.68,3127.91
8328.25,5800.04,3121.4
8332.16,5796.43,3114.95
8335.96,5792.85,3108.55
8339.66,5789.31,3102.22
8343.26,5785.79,3095.93
8346.75,5782.3,3089.69
8350.14,5778.83,3083.5
8353.43,5775.38,3077.36
8356.63,5771.95,3071.26
8359.72,5768.53,3065.2
8362.73,5765.13,3059.18
8365.63,5761.74,3053.19
8368.45,5758.36,3047.24
8371.17,5754.98,3041.32
8373.8,5751.61,3035.43
8376.35,5748.25,3029.57
8378.81,5744.88,3023.73
8381.18,5741.51,3017.91
8383.47,5738.13,3012.11
8385.68,5734.75,3006.33
8387.81,5731.36,3000.56
8389.85,5727.96,2994.81
8391.82,5724.54,2989.07
8393.71,5721.11,2983.33
8395.53,5717.65,2977.6
8397.28,5714.18,2971.88
8398.95,5710.69,2966.15
8400.55,5707.16,2960.42
8402.08,5703.61,2954.69
8403.54,5700.03,2948.96
8404.94,5696.42,2943.21
8406.27,5692.77,2937.46
8407.54,5689.09,2931.69
8408.74,5685.37,2925.9
8409.88,5681.6,2920.1
8410.97,5677.79,2914.28
8412,5673.94,2908.44
8412.97,5670.03,2902.57
8413.88,5666.08,2896.67
8414.75,5662.07,2890.75
8415.56,5658,2884.79
8416.32,5653.89,2878.81
8417.03,5649.72,2872.79
8417.7,5645.51,2866.75
8418.33,5641.24,2860.69
8418.92,5636.94,2854.6
8419.46,5632.58,2848.49
8419.98,5628.18,2842.35
8420.46,5623.75,2836.19
8420.9,5619.27,2830.01
8421.32,5614.75,2823.82
8421.71,5610.2,2817.6
8422.08,5605.61,2811.37
8422.43,5600.99,2805.13
8422.75,5596.33,2798.87
8423.06,5591.65,2792.59
8423.35,5586.93,2786.31
8423.63,5582.19,2780.01
8423.9,5577.42,2773.7
8424.16,5572.63,2767.39
8424.42,5567.82,2761.06
8424.67,5562.99,2754.73
8424.91,5558.13,2748.4
8425.16,5553.26,2742.06
8425.41,5548.37,2735.72
8425.67,5543.47,2729.37
8425.94,5538.55,2723.03
8426.21,5533.62,2716.68
8426.5,5528.69,2710.34
8426.8,5523.74,2704
8427.11,5518.79,2697.66
8427.45,5513.83,2691.33
8427.8,5508.86,2685.01
8428.18,5503.9,2678.69
8428.59,5498.93,2672.38
8429.02,5493.97,2666.08
8429.49,5489.01,2659.79
8429.98,5484.05,2653.51
8430.51,5479.1,2647.24
8431.08,5474.15,2640.99
8431.69,5469.22,2634.76
8432.33,5464.29,2628.53
8433.01,5459.37,2622.33
8433.71,5454.46,2616.14
8434.44,5449.55,2609.96
8435.2,5444.65,2603.79
8435.98,5439.75,2597.64
8436.77,5434.85,2591.5
8437.58,5429.96,2585.38
8438.39,5425.08,2579.26
8439.22,5420.19,2573.16
8440.05,5415.31,2567.07
8440.88,5410.42,2560.99
8441.71,5405.54,2554.93
8442.54,5400.66,2548.87
8443.36,5395.77,2542.83
8444.16,5390.88,2536.79
8444.96,5385.99,2530.77
8445.73,5381.1,2524.75
8446.48,5376.2,2518.75
8447.21,5371.3,2512.75
8447.92,5366.39,2506.76
8448.59,5361.48,2500.78
8449.23,5356.55,2494.81
8449.83,5351.62,2488.84
8450.4,5346.69,2482.89
8450.92,5341.74,2476.94
8451.39,5336.79,2471
8451.82,5331.82,2465.06
8452.19,5326.84,2459.13
8452.51,5321.85,2453.21
8452.77,5316.85,2447.29
8452.97,5311.84,2441.37
8453.1,5306.81,2435.47
8453.17,5301.77,2429.56
8453.16,5296.71,2423.66
8453.08,5291.64,2417.77
8452.94,5286.55,2411.88
8452.73,5281.44,2406
8452.46,5276.31,2400.13
8452.14,5271.17,2394.27
8451.76,5266,2388.42
8451.34,5260.82,2382.58
8450.88,5255.61,2376.76
8450.37,5250.38,2370.95
8449.84,5245.13,2365.17
8449.27,5239.86,2359.4
8448.67,5234.56,2353.65
8448.06,5229.23,2347.92
8447.42,5223.88,2342.22
8446.78,5218.5,2336.54
8446.12,5213.09,2330.89
8445.46,5207.66,2325.26
8444.79,5202.19,2319.66
8444.13,5196.7,2314.1
8443.47,5191.17,2308.56
8442.83,5185.61,2303.06
8442.2,5180.02,2297.6
8441.59,5174.4,2292.16
8441.01,5168.74,2286.77
8440.45,5163.05,2281.42
8439.92,5157.32,2276.1
8439.43,5151.55,2270.83
8438.98,5145.75,2265.6
8438.57,5139.91,2260.42
8438.21,5134.03,2255.28
8437.91,5128.11,2250.19
8437.66,5122.15,2245.15
8437.46,5116.15,2240.15
8437.32,5110.11,2235.2
8437.23,5104.03,2230.3
8437.2,5097.91,2225.45
8437.21,5091.76,2220.64
8437.27,5085.58,2215.88
8437.38,5079.35,2211.16
8437.53,5073.1,2206.49
8437.74,5066.81,2201.86
8437.98,5060.48,2197.27
8438.27,5054.13,2192.73
8438.6,5047.74,2188.23
8438.97,5041.32,2183.77
8439.38,5034.88,2179.34
8439.83,5028.4,2174.96
8440.31,5021.9,2170.62
8440.83,5015.37,2166.32
8441.39,5008.81,2162.06
8441.98,5002.23,2157.83
8442.6,4995.62,2153.64
8443.25,4988.99,2149.49
8443.93,4982.33,2145.37
8444.64,4975.65,2141.29
8445.38,4968.95,2137.25
8446.14,4962.23,2133.24
8446.93,4955.49,2129.26
8447.74,4948.72,2125.31
8448.57,4941.94,2121.4
8449.43,4935.15,2117.52
8450.3,4928.33,2113.67
8451.2,4921.5,2109.86
8452.11,4914.65,2106.07
8453.04,4907.79,2102.31
8453.98,4900.91,2098.58
8454.94,4894.02,2094.89
8455.91,4887.11,2091.21
8456.89,4880.2,2087.57
8457.88,4873.27,2083.95
8458.89,4866.33,2080.36
8459.9,4859.39,2076.8
8460.91,4852.43,2073.26
8461.93,4845.47,2069.74
8462.96,4838.5,2066.25
8463.99,4831.52,2062.78
8465.03,4824.53,2059.34
8466.06,4817.53,2055.92
8467.1,4810.53,2052.53
8468.13,4803.51,2049.16
8469.17,4796.49,2045.81
8470.21,4789.46,2042.49
8471.24,4782.42,2039.19
8472.27,4775.37,2035.91
8473.29,4768.31,2032.65
8474.31,4761.25,2029.42
8475.32,4754.17,2026.21
8476.33,4747.09,2023.02
8477.32,4739.99,2019.86
8478.31,4732.89,2016.72
8479.29,4725.78,2013.6
8480.26,4718.66,2010.5
8481.21,4711.53,2007.42
8482.15,4704.39,2004.36
8483.08,4697.25,2001.33
8484,4690.09,1998.32
8484.9,4682.92,1995.32
8485.78,4675.75,1992.35
8486.65,4668.56,1989.4
8487.49,4661.37,1986.47
8488.32,4654.16,1983.56
8489.13,4646.95,1980.67
8489.92,4639.73,1977.8
8490.68,4632.49,1974.94
8491.42,4625.25,1972.11
8492.14,4618,1969.3
8492.84,4610.73,1966.51
8493.5,4603.46,1963.74
8494.15,4596.18,1960.98
8494.76,4588.89,1958.24
8495.35,4581.59,1955.53
8495.9,4574.28,1952.83
8496.43,4566.95,1950.15
8496.93,4559.62,1947.49
8497.39,4552.28,1944.84
8497.82,4544.93,1942.22
8498.22,4537.56,1939.61
8498.58,4530.19,1937.02
8498.91,4522.81,1934.44
8499.2,4515.42,1931.88
8499.45,4508.01,1929.34
8499.66,4500.6,1926.82
8499.84,4493.17,1924.32
8499.99,4485.74,1921.83
8500.1,4478.29,1919.36
8500.18,4470.84,1916.91
8500.24,4463.38,1914.49
8500.26,4455.9,1912.08
8500.26,4448.42,1909.7
8500.24,4440.93,1907.34
8500.2,4433.43,1905.01
8500.13,4425.92,1902.69
8500.05,4418.4,1900.41
8499.96,4410.87,1898.15
8499.84,4403.34,1895.92
8499.72,4395.8,1893.71
8499.58,4388.25,1891.53
8499.44,4380.69,1889.38
8499.29,4373.12,1887.27
8499.13,4365.55,1885.18
8498.97,4357.97,1883.12
8498.81,4350.38,1881.1
8498.65,4342.78,1879.1
8498.49,4335.18,1877.15
8498.34,4327.57,1875.22
8498.19,4319.96,1873.33
8498.04,4312.34,1871.48
8497.91,4304.71,1869.66
8497.79,4297.08,1867.88
8497.68,4289.44,1866.14
8497.58,4281.79,1864.44
8497.5,4274.14,1862.78
8497.44,4266.49,1861.15
8497.4,4258.83,1859.57
8497.38,4251.16,1858.03
8497.39,4243.49,1856.53
8497.42,4235.81,1855.08
8497.47,4228.13,1853.67
8497.56,4220.45,1852.3
8497.68,4212.76,1850.98
8497.83,4205.07,1849.71
8498.01,4197.37,1848.48
8498.23,4189.67,1847.3
8498.49,4181.97,1846.17
8498.79,4174.26,1845.09
8499.12,4166.55,1844.06
8499.51,4158.84,1843.08
8499.93,4151.12,1842.15
8500.41,4143.4,1841.27
8500.92,4135.68,1840.45
8501.48,4127.96,1839.67
8502.08,4120.23,1838.94
8502.71,4112.5,1838.27
8503.38,4104.77,1837.64
8504.09,4097.03,1837.07
8504.83,4089.3,1836.54
8505.61,4081.56,1836.06
8506.42,4073.82,1835.63
8507.25,4066.07,1835.24
8508.12,4058.33,1834.9
8509.01,4050.58,1834.61
8509.92,4042.83,1834.37
8510.86,4035.08,1834.17
8511.82,4027.33,1834.02
8512.81,4019.57,1833.92
8513.81,4011.81,1833.86
8514.83,4004.06,1833.84
8515.86,3996.3,1833.87
8516.91,3988.54,1833.94
8517.98,3980.77,1834.05
8519.05,3973.01,1834.21
8520.14,3965.24,1834.41
8521.23,3957.48,1834.66
8522.33,3949.71,1834.94
8523.44,3941.94,1835.27
8524.55,3934.17,1835.64
8525.67,3926.4,1836.05
8526.79,3918.63,1836.5
8527.9,3910.86,1836.99
8529.02,3903.09,1837.52
8530.13,3895.31,1838.09
8531.23,3887.54,1838.7
8532.33,3879.76,1839.34
8533.43,3871.99,1840.03
8534.51,3864.21,1840.75
8535.58,3856.44,1841.51
8536.64,3848.66,1842.31
8537.69,3840.88,1843.14
8538.72,3833.11,1844.01
8539.74,3825.33,1844.92
8540.74,3817.55,1845.86
8541.72,3809.78,1846.84
8542.67,3802,1847.85
8543.61,3794.22,1848.9
8544.52,3786.45,1849.98
8545.4,3778.67,1851.1
8546.26,3770.9,1852.24
8547.09,3763.12,1853.43
8547.89,3755.35,1854.64
8548.66,3747.57,1855.89
8549.4,3739.8,1857.17
8550.1,3732.03,1858.48
8550.78,3724.26,1859.82
8551.42,3716.5,1861.2
8552.02,3708.74,1862.61
8552.59,3700.98,1864.05
8553.13,3693.23,1865.52
8553.63,3685.48,1867.03
8554.09,3677.74,1868.57
8554.52,3670.01,1870.14
8554.9,3662.28,1871.75
8555.25,3654.56,1873.38
8555.56,3646.84,1875.05
8555.83,3639.14,1876.75
8556.06,3631.44,1878.48
8556.24,3623.75,1880.25
8556.38,3616.07,1882.05
8556.48,3608.4,1883.88
8556.54,3600.74,1885.74
8556.55,3593.1,1887.63
8556.52,3585.46,1889.56
8556.44,3577.84,1891.52
8556.31,3570.23,1893.51
8556.14,3562.63,1895.53
8555.92,3555.04,1897.58
8555.65,3547.47,1899.67
8555.33,3539.92,1901.78
8554.96,3532.38,1903.93
8554.54,3524.85,1906.12
8554.07,3517.34,1908.33
8553.54,3509.85,1910.57
8552.97,3502.37,1912.85
8552.33,3494.91,1915.16
8551.65,3487.47,1917.5
8550.91,3480.05,1919.87
8550.12,3472.65,1922.28
8549.26,3465.27,1924.71
8548.35,3457.9,1927.18
8547.39,3450.56,1929.68
8546.36,3443.24,1932.21
8545.28,3435.94,1934.77
8544.13,3428.66,1937.36
8542.93,3421.4,1939.99
8541.66,3414.17,1942.64
8540.33,3406.96,1945.33
8538.94,3399.78,1948.05
8537.49,3392.61,1950.8
8535.97,3385.48,1953.58
8534.39,3378.37,1956.39
8532.75,3371.28,1959.24
8531.05,3364.22,1962.11
8529.3,3357.18,1965.02
8527.51,3350.16,1967.96
8525.66,3343.17,1970.93
8523.78,3336.19,1973.93
8521.86,3329.24,1976.96
8519.9,3322.31,1980.02
8517.92,3315.4,1983.11
8515.9,3308.5,1986.24
8513.87,3301.63,1989.39
8511.81,3294.77,1992.58
8509.74,3287.93,1995.79
8507.65,3281.1,1999.04
8505.56,3274.29,2002.32
8503.46,3267.5,2005.62
8501.36,3260.72,2008.96
8499.26,3253.95,2012.33
8497.17,3247.2,2015.73
8495.09,3240.46,2019.16
8493.02,3233.73,2022.62
8490.96,3227.02,2026.12
8488.93,3220.31,2029.64
8486.92,3213.62,2033.19
8484.94,3206.93,2036.77
8482.99,3200.25,2040.39
8481.07,3193.58,2044.03
8479.2,3186.92,2047.7
8477.36,3180.27,2051.4
8475.57,3173.62,2055.14
8473.83,3166.98,2058.9
8472.14,3160.34,2062.69
8470.51,3153.71,2066.52
8468.94,3147.08,2070.37
8467.43,3140.46,2074.25
8465.99,3133.84,2078.17
8464.62,3127.22,2082.11
8463.33,3120.6,2086.08
8462.12,3113.98,2090.08
8460.98,3107.36,2094.12
8459.91,3100.75,2098.17
8458.91,3094.13,2102.26
8457.96,3087.52,2106.37
8457.07,3080.91,2110.5
8456.22,3074.31,2114.65
8455.41,3067.71,2118.83
8454.64,3061.12,2123.02
8453.89,3054.53,2127.23
8453.17,3047.95,2131.45
8452.45,3041.37,2135.69
8451.75,3034.8,2139.93
8451.04,3028.25,2144.19
8450.33,3021.69,2148.46
8449.61,3015.15,2152.74
8448.88,3008.62,2157.02
8448.11,3002.1,2161.31
8447.32,2995.59,2165.6
8446.5,2989.1,2169.89
8445.62,2982.61,2174.18
8444.71,2976.14,2178.46
8443.73,2969.69,2182.75
8442.69,2963.24,2187.03
8441.59,2956.81,2191.3
8440.41,2950.4,2195.57
8439.15,2944.01,2199.83
8437.8,2937.63,2204.07
8436.36,2931.27,2208.31
8434.82,2924.92,2212.53
8433.17,2918.6,2216.73
8431.42,2912.3,2220.92
8429.54,2906.01,2225.09
8427.55,2899.75,2229.24
8425.46,2893.5,2233.38
8423.27,2887.28,2237.51
8420.98,2881.08,2241.63
8418.61,2874.9,2245.75
8416.15,2868.74,2249.86
8413.61,2862.61,2253.97
8411,2856.5,2258.09
8408.32,2850.41,2262.21
8405.58,2844.34,2266.34
8402.79,2838.3,2270.48
8399.95,2832.28,2274.63
8397.06,2826.29,2278.79
8394.13,2820.33,2282.98
8391.18,2814.38,2287.18
8388.19,2808.47,2291.41
8385.18,2802.58,2295.66
8382.16,2796.72,2299.94
8379.13,2790.88,2304.25
8376.09,2785.07,2308.59
8373.06,2779.29,2312.97
8370.03,2773.54,2317.39
8367.01,2767.81,2321.85
8364.01,2762.11,2326.35
8361.04,2756.45,2330.9
8358.1,2750.81,2335.5
8355.19,2745.2,2340.14
8352.32,2739.62,2344.85
8349.49,2734.07,2349.6
8346.72,2728.55,2354.42
8344.01,2723.07,2359.3
8341.36,2717.61,2364.24
8338.76,2712.19,2369.23
8336.22,2706.79,2374.28
8333.72,2701.41,2379.38
8331.27,2696.05,2384.53
8328.86,2690.72,2389.71
8326.49,2685.39,2394.93
8324.14,2680.09,2400.17
8321.83,2674.79,2405.44
8319.54,2669.51,2410.74
8317.26,2664.23,2416.04
8315,2658.95,2421.36
8312.75,2653.68,2426.69
8310.51,2648.41,2432.02
8308.27,2643.13,2437.35
8306.03,2637.85,2442.66
8303.78,2632.56,2447.97
8301.52,2627.26,2453.26
8299.24,2621.94,2458.53
8296.94,2616.62,2463.77
8294.62,2611.27,2468.98
8292.28,2605.91,2474.16
8289.9,2600.52,2479.3
8287.48,2595.11,2484.39
8285.03,2589.67,2489.43
8282.52,2584.2,2494.42
8279.97,2578.69,2499.35
8277.37,2573.16,2504.22
8274.72,2567.6,2509.04
8272.02,2562.01,2513.8
8269.27,2556.4,2518.52
8266.47,2550.78,2523.19
8263.63,2545.15,2527.83
8260.74,2539.5,2532.43
8257.81,2533.86,2537.01
8254.85,2528.22,2541.57
8251.84,2522.58,2546.1
8248.79,2516.95,2550.62
8245.71,2511.33,2555.13
8242.58,2505.73,2559.64
8239.43,2500.16,2564.15
8236.24,2494.61,2568.66
8233.02,2489.09,2573.19
8229.77,2483.6,2577.72
8226.5,2478.16,2582.28
8223.19,2472.76,2586.86
8219.86,2467.4,2591.46
8216.5,2462.1,2596.11
8213.12,2456.85,2600.78
8209.71,2451.66,2605.5
8206.29,2446.54,2610.27
8202.85,2441.48,2615.09
8199.38,2436.48,2619.95
8195.9,2431.54,2624.85
8192.4,2426.66,2629.8
8188.89,2421.84,2634.79
8185.36,2417.06,2639.83
8181.82,2412.35,2644.9
8178.26,2407.68,2650.01
8174.69,2403.06,2655.16
8171.11,2398.48,2660.35
8167.52,2393.95,2665.57
8163.91,2389.46,2670.83
8160.3,2385.01,2676.12
8156.68,2380.6,2681.44
8153.06,2376.22,2686.79
8149.43,2371.88,2692.17
8145.79,2367.57,2697.58
8142.15,2363.29,2703.02
8138.5,2359.04,2708.48
8134.86,2354.81,2713.97
8131.21,2350.61,2719.48
8127.56,2346.42,2725.01
8123.91,2342.26,2730.56
8120.26,2338.12,2736.13
8116.61,2333.99,2741.72
8112.97,2329.88,2747.33
8109.33,2325.77,2752.96
8105.7,2321.68,2758.6
8102.07,2317.6,2764.25
8098.45,2313.52,2769.92
8094.84,2309.44,2775.59
8091.23,2305.37,2781.28
8087.63,2301.29,2786.98
8084.05,2297.22,2792.68
8080.47,2293.14,2798.39
8076.91,2289.05,2804.11
8073.36,2284.96,2809.83
8069.83,2280.85,2815.55
8066.31,2276.73,2821.27
8062.8,2272.6,2827
8059.32,2268.45,2832.72
8055.85,2264.29,2838.45
8052.39,2260.11,2844.17
8048.95,2255.91,2849.89
8045.53,2251.7,2855.61
8042.12,2247.48,2861.32
8038.72,2243.24,2867.04
8035.33,2239,2872.76
8031.96,2234.75,2878.47
8028.59,2230.49,2884.19
8025.23,2226.23,2889.9
8021.87,2221.97,2895.62
8018.53,2217.7,2901.33
8015.18,2213.44,2907.05
8011.85,2209.17,2912.77
8008.51,2204.91,2918.48
8005.18,2200.65,2924.2
8001.84,2196.39,2929.92
7998.51,2192.14,2935.64
7995.18,2187.91,2941.37
7991.84,2183.68,2947.09
7988.5,2179.46,2952.82
7985.15,2175.25,2958.54
7981.8,2171.06,2964.27
7978.45,2166.88,2970.01
7975.08,2162.72,2975.74
7971.71,2158.58,2981.48
7968.32,2154.46,2987.22
7964.93,2150.36,2992.97
7961.52,2146.28,2998.71
7958.11,2142.23,3004.46
7954.67,2138.2,3010.22
7951.23,2134.2,3015.98
7947.76,2130.23,3021.74
7944.28,2126.28,3027.51
7940.79,2122.37,3033.28
7937.27,2118.49,3039.06
7933.73,2114.65,3044.84
7930.17,2110.84,3050.62
7926.59,2107.07,3056.41
7922.99,2103.34,3062.21
7919.36,2099.64,3068.01
7915.71,2095.99,3073.82
7912.03,2092.38,3079.63
7908.32,2088.82,3085.45
7904.58,2085.3,3091.28
7900.82,2081.83,3097.11
7897.02,2078.41,3102.95
7893.19,2075.04,3108.79
7889.33,2071.71,3114.64
7885.44,2068.45,3120.5
7881.51,2065.23,3126.37
7877.55,2062.08,3132.24
7873.55,2058.98,3138.12
7869.51,2055.94,3144.01
7865.44,2052.95,3149.91
7861.33,2050.02,3155.82
7857.19,2047.14,3161.73
7853.03,2044.31,3167.66
7848.84,2041.53,3173.59
7844.62,2038.8,3179.54
7840.38,2036.11,3185.49
7836.12,2033.46,3191.45
7831.84,2030.86,3197.43
7827.55,2028.3,3203.41
7823.24,2025.77,3209.41
7818.91,2023.28,3215.42
7814.58,2020.83,3221.44
7810.24,2018.4,3227.48
7805.89,2016.01,3233.52
7801.54,2013.65,3239.58
7797.18,2011.31,3245.66
7792.82,2009,3251.74
7788.47,2006.72,3257.85
7784.11,2004.45,3263.96
7779.77,2002.21,3270.09
7775.43,1999.98,3276.24
7771.1,1997.77,3282.4
7766.78,1995.57,3288.57
7762.48,1993.39,3294.76
7758.19,1991.22,3300.97
7753.91,1989.05,3307.2
7749.66,1986.9,3313.44
7745.43,1984.75,3319.7
7741.22,1982.6,3325.98
7737.04,1980.45,3332.27
7732.89,1978.31,3338.58
7728.76,1976.16,3344.92
7724.67,1974.01,3351.27
7720.61,1971.86,3357.64
7716.58,1969.7,3364.03
7712.59,1967.52,3370.43
7708.65,1965.34,3376.86
7704.74,1963.15,3383.31
7700.88,1960.94,3389.78
7697.06,1958.72,3396.28
7693.29,1956.47,3402.79
7689.57,1954.21,3409.33
7685.91,1951.93,3415.88
7682.29,1949.62,3422.46
7678.73,1947.29,3429.07
7675.23,1944.93,3435.69
7671.79,1942.54,3442.34
7668.41,1940.13,3449.01
7665.1,1937.68,3455.71
7661.85,1935.19,3462.43
7658.66,1932.67,3469.18
7655.55,1930.12,3475.95
7652.49,1927.53,3482.74
7649.5,1924.91,3489.56
7646.56,1922.27,3496.39
7643.68,1919.6,3503.25
7640.84,1916.91,3510.12
7638.05,1914.21,3517.01
7635.29,1911.49,3523.91
7632.58,1908.76,3530.83
7629.89,1906.02,3537.76
7627.24,1903.27,3544.7
7624.61,1900.53,3551.64
7622,1897.78,3558.6
7619.41,1895.03,3565.57
7616.84,1892.3,3572.54
7614.27,1889.57,3579.51
7611.71,1886.85,3586.49
7609.15,1884.15,3593.47
7606.6,1881.47,3600.44
7604.03,1878.81,3607.42
7601.46,1876.17,3614.4
7598.87,1873.56,3621.37
7596.27,1870.98,3628.33
7593.65,1868.43,3635.29
7591.01,1865.92,3642.24
7588.33,1863.45,3649.19
7585.63,1861.02,3656.12
7582.89,1858.64,3663.04
7580.11,1856.3,3669.95
7577.29,1854.02,3676.84
7574.42,1851.79,3683.71
7571.5,1849.62,3690.57
7568.52,1847.5,3697.41
7565.49,1845.45,3704.23
7562.4,1843.47,3711.03
7559.23,1841.55,3717.81
7556.01,1839.71,3724.56
7552.7,1837.94,3731.29
7549.32,1836.25,3737.99
7545.86,1834.64,3744.67
7542.32,1833.11,3751.31
7538.68,1831.67,3757.92
7534.96,1830.32,3764.5
7531.13,1829.07,3771.05
7527.22,1827.9,3777.57
7523.22,1826.82,3784.06
7519.14,1825.82,3790.52
7514.98,1824.9,3796.95
7510.75,1824.06,3803.36
7506.45,1823.3,3809.75
7502.08,1822.6,3816.11
7497.65,1821.98,3822.46
7493.16,1821.42,3828.79
7488.62,1820.92,3835.1
7484.04,1820.49,3841.4
7479.41,1820.11,3847.69
7474.74,1819.78,3853.97
7470.04,1819.51,3860.24
7465.3,1819.28,3866.5
7460.55,1819.1,3872.76
7455.76,1818.96,3879.01
7450.97,1818.86,3885.26
7446.15,1818.79,3891.51
7441.33,1818.76,3897.77
7436.51,1818.76,3904.03
7431.68,1818.78,3910.29
7426.86,1818.83,3916.56
7422.05,1818.9,3922.84
7417.25,1818.99,3929.13
7412.47,1819.09,3935.43
7407.71,1819.21,3941.75
7402.98,1819.33,3948.08
7398.28,1819.46,3954.43
7393.61,1819.59,3960.8
7388.98,1819.73,3967.19
7384.39,1819.86,3973.6
7379.85,1819.98,3980.04
7375.37,1820.1,3986.5
7370.94,1820.21,3993
7366.57,1820.3,3999.52
7362.27,1820.37,4006.07
7358.03,1820.42,4012.66
7353.86,1820.46,4019.28
7349.75,1820.49,4025.93
7345.7,1820.5,4032.6
7341.71,1820.5,4039.31
7337.78,1820.5,4046.05
7333.91,1820.48,4052.81
7330.09,1820.47,4059.6
7326.32,1820.45,4066.42
7322.6,1820.43,4073.26
7318.93,1820.42,4080.12
7315.31,1820.4,4087.01
7311.73,1820.4,4093.93
7308.19,1820.4,4100.86
7304.7,1820.41,4107.82
7301.25,1820.44,4114.79
7297.83,1820.48,4121.79
7294.45,1820.53,4128.81
7291.11,1820.6,4135.84
7287.8,1820.7,4142.9
7284.51,1820.81,4149.97
7281.26,1820.95,4157.05
7278.03,1821.12,4164.15
7274.83,1821.31,4171.27
7271.66,1821.54,4178.4
7268.5,1821.8,4185.54
7265.37,1822.09,4192.69
7262.25,1822.42,4199.86
7259.15,1822.78,4207.04
7256.06,1823.19,4214.22
7252.99,1823.64,4221.42
7249.93,1824.13,4228.63
7246.87,1824.67,4235.84
7243.83,1825.26,4243.06
7240.79,1825.9,4250.28
7237.75,1826.6,4257.51
7234.71,1827.34,4264.75
7231.68,1828.15,4271.99
7228.64,1829.01,4279.23
7225.6,1829.94,4286.48
7222.56,1830.92,4293.72
7219.51,1831.97,4300.97
7216.45,1833.09,4308.22
7213.38,1834.28,4315.47
7210.29,1835.53,4322.71
7207.2,1836.87,4329.95
7204.08,1838.27,4337.19
7200.95,1839.75,4344.43
7197.8,1841.31,4351.66
7194.64,1842.95,4358.89
7191.46,1844.66,4366.11
7188.28,1846.44,4373.33
7185.09,1848.29,4380.53
7181.89,1850.21,4387.74
7178.7,1852.19,4394.93
7175.51,1854.24,4402.12
7172.33,1856.35,4409.29
7169.15,1858.52,4416.46
7165.99,1860.75,4423.62
7162.85,1863.03,4430.77
7159.72,1865.37,4437.91
7156.61,1867.76,4445.04
7153.53,1870.2,4452.15
7150.48,1872.69,4459.25
7147.46,1875.22,4466.35
7144.47,1877.8,4473.42
7141.51,1880.42,4480.49
7138.6,1883.08,4487.54
7135.73,1885.78,4494.57
7132.91,1888.52,4501.59
7130.13,1891.29,4508.59
7127.41,1894.09,4515.58
7124.75,1896.92,4522.55
7122.14,1899.78,4529.5
7119.59,1902.67,4536.44
7117.1,1905.58,4543.35
7114.69,1908.51,4550.25
7112.34,1911.47,4557.13
7110.07,1914.44,4563.99
7107.87,1917.43,4570.83
7105.75,1920.43,4577.64
7103.72,1923.45,4584.44
7101.77,1926.48,4591.21
7099.91,1929.51,4597.97
7098.14,1932.55,4604.69
7096.47,1935.6,4611.4
7094.89,1938.65,4618.08
7093.42,1941.7,4624.73
7092.04,1944.75,4631.37
7090.78,1947.79,4637.97
7089.62,1950.83,4644.55
7088.58,1953.87,4651.1
7087.65,1956.89,4657.63
7086.85,1959.91,4664.13
7086.16,1962.9,4670.6
7085.6,1965.89,4677.04
7085.15,1968.87,4683.46
7084.82,1971.83,4689.85
7084.59,1974.79,4696.23
7084.47,1977.73,4702.59
7084.45,1980.68,4708.93
7084.52,1983.62,4715.26
7084.68,1986.56,4721.59
7084.93,1989.49,4727.9
7085.26,1992.43,4734.22
7085.67,1995.37,4740.53
7086.14,1998.32,4746.84
7086.69,2001.27,4753.16
7087.3,2004.23,4759.48
7087.96,2007.2,4765.82
7088.69,2010.18,4772.16
7089.46,2013.18,4778.52
7090.27,2016.18,4784.89
7091.13,2019.21,4791.29
7092.02,2022.25,4797.7
7092.94,2025.31,4804.15
7093.89,2028.39,4810.61
7094.86,2031.5,4817.11
7095.85,2034.63,4823.64
7096.85,2037.78,4830.21
7097.86,2040.96,4836.81
7098.88,2044.17,4843.46
7099.89,2047.42,4850.14
7100.9,2050.69,4856.88
7101.9,2054,4863.66
7102.89,2057.34,4870.49
7103.86,2060.73,4877.37
7104.81,2064.15,4884.31
7105.72,2067.61,4891.31
7106.61,2071.11,4898.37
7107.46,2074.66,4905.49
7108.27,2078.25,4912.68
7109.03,2081.89,4919.94
7109.74,2085.58,4927.27
7110.4,2089.32,4934.67
7111,2093.11,4942.15
7111.53,2096.96,4949.71
7112,2100.86,4957.35
7112.39,2104.82,4965.07
7112.71,2108.84,4972.89
7112.94,2112.91,4980.79
7113.09,2117.05,4988.78
7113.15,2121.26,4996.87
7113.11,2125.53,5005.06
7112.97,2129.86,5013.34
7112.73,2134.26,5021.73
7112.38,2138.74,5030.23
7111.91,2143.28,5038.83
7111.33,2147.9,5047.54
7110.62,2152.6,5056.36
7109.79,2157.37,5065.3
7108.84,2162.2,5074.34
7107.78,2167.1,5083.46
7106.61,2172.04,5092.64
7105.35,2177.03,5101.89
7103.99,2182.04,5111.17
7102.54,2187.08,5120.47
7101.02,2192.14,5129.79
7099.42,2197.2,5139.1
7097.76,2202.26,5148.39
7096.04,2207.31,5157.64
7094.27,2212.34,5166.84
7092.45,2217.35,5175.98
7090.59,2222.31,5185.04
7088.7,2227.23,5194
7086.79,2232.1,5202.86
7084.85,2236.9,5211.58
7082.9,2241.64,5220.17
7080.95,2246.29,5228.61
7079,2250.85,5236.87
7077.06,2255.32,5244.96
7075.13,2259.68,5252.84
7073.22,2263.93,5260.51
7071.34,2268.05,5267.94
7069.5,2272.05,5275.14
7067.7,2275.9,5282.08
7065.94,2279.6,5288.74
7064.24,2283.15,5295.11
7062.6,2286.53,5301.19
7061.03,2289.73,5306.94
7059.53,2292.75,5312.36
7058.12,2295.58,5317.43
7056.79,2298.21,5322.14
7055.55,2300.63,5326.47
7054.42,2302.83,5330.41
7053.4,2304.81,5333.94
7052.49,2306.55,5337.05
7051.7,2308.04,5339.72
7051.05,2309.28,5341.94
7050.52,2310.27,5343.69
7050.14,2310.98,5344.96
7049.9,2311.41,5345.73
7049.82,2311.56,5345.99
